<?xml version="1.0" encoding="UTF-8"?>
<export version="D">
  <design>
    <date>2018年01月19日金曜日 23:37:58</date>
    <tool>Eeschema 4.0.7</tool>
    <sheet number="1" name="/" tstamps="/">
      <title_block>
        <title>Blockbd</title>
        <company>foostan</company>
        <rev>0.0.1</rev>
        <date/>
        <source>blockbd.sch</source>
        <comment number="1" value=""/>
        <comment number="2" value=""/>
        <comment number="3" value=""/>
        <comment number="4" value=""/>
      </title_block>
    </sheet>
  </design>
  <components>
    <comp ref="U1">
      <value>ProMicro</value>
      <footprint>promicro:ProMicro</footprint>
      <libsource lib="promicro" part="ProMicro"/>
      <sheetpath names="/" tstamps="/"/>
      <tstamp>5A5E14C2</tstamp>
    </comp>
    <comp ref="SW6">
      <value>SW_PUSH</value>
      <footprint>footprint:MXALPS_FLIP_HOLES</footprint>
      <libsource lib="lets_split-cache" part="SW_PUSH"/>
      <sheetpath names="/" tstamps="/"/>
      <tstamp>5A5E2699</tstamp>
    </comp>
    <comp ref="D6">
      <value>D</value>
      <footprint>Diodes_THT:D_DO-35_SOD27_P10.16mm_Horizontal</footprint>
      <libsource lib="device" part="D"/>
      <sheetpath names="/" tstamps="/"/>
      <tstamp>5A5E26C6</tstamp>
    </comp>
    <comp ref="SW11">
      <value>SW_PUSH</value>
      <footprint>footprint:MXALPS_FLIP_HOLES</footprint>
      <libsource lib="lets_split-cache" part="SW_PUSH"/>
      <sheetpath names="/" tstamps="/"/>
      <tstamp>5A5E27F9</tstamp>
    </comp>
    <comp ref="D11">
      <value>D</value>
      <footprint>Diodes_THT:D_DO-35_SOD27_P10.16mm_Horizontal</footprint>
      <libsource lib="device" part="D"/>
      <sheetpath names="/" tstamps="/"/>
      <tstamp>5A5E281F</tstamp>
    </comp>
    <comp ref="SW16">
      <value>SW_PUSH</value>
      <footprint>footprint:MXALPS_FLIP_HOLES</footprint>
      <libsource lib="lets_split-cache" part="SW_PUSH"/>
      <sheetpath names="/" tstamps="/"/>
      <tstamp>5A5E2908</tstamp>
    </comp>
    <comp ref="SW21">
      <value>SW_PUSH</value>
      <footprint>footprint:MXALPS_FLIP_HOLES</footprint>
      <libsource lib="lets_split-cache" part="SW_PUSH"/>
      <sheetpath names="/" tstamps="/"/>
      <tstamp>5A5E2933</tstamp>
    </comp>
    <comp ref="SW26">
      <value>SW_PUSH</value>
      <footprint>footprint:MXALPS_FLIP_HOLES</footprint>
      <libsource lib="lets_split-cache" part="SW_PUSH"/>
      <sheetpath names="/" tstamps="/"/>
      <tstamp>5A5E295E</tstamp>
    </comp>
    <comp ref="SW31">
      <value>SW_PUSH</value>
      <footprint>footprint:MXALPS_FLIP_HOLES</footprint>
      <libsource lib="lets_split-cache" part="SW_PUSH"/>
      <sheetpath names="/" tstamps="/"/>
      <tstamp>5A5E298D</tstamp>
    </comp>
    <comp ref="D16">
      <value>D</value>
      <footprint>Diodes_THT:D_DO-35_SOD27_P10.16mm_Horizontal</footprint>
      <libsource lib="device" part="D"/>
      <sheetpath names="/" tstamps="/"/>
      <tstamp>5A5E29BF</tstamp>
    </comp>
    <comp ref="D21">
      <value>D</value>
      <footprint>Diodes_THT:D_DO-35_SOD27_P10.16mm_Horizontal</footprint>
      <libsource lib="device" part="D"/>
      <sheetpath names="/" tstamps="/"/>
      <tstamp>5A5E29F2</tstamp>
    </comp>
    <comp ref="D26">
      <value>D</value>
      <footprint>Diodes_THT:D_DO-35_SOD27_P10.16mm_Horizontal</footprint>
      <libsource lib="device" part="D"/>
      <sheetpath names="/" tstamps="/"/>
      <tstamp>5A5E2A33</tstamp>
    </comp>
    <comp ref="D31">
      <value>D</value>
      <footprint>Diodes_THT:D_DO-35_SOD27_P10.16mm_Horizontal</footprint>
      <libsource lib="device" part="D"/>
      <sheetpath names="/" tstamps="/"/>
      <tstamp>5A5E2A75</tstamp>
    </comp>
    <comp ref="SW1">
      <value>SW_PUSH</value>
      <footprint>footprint:MXALPS_FLIP_HOLES</footprint>
      <libsource lib="lets_split-cache" part="SW_PUSH"/>
      <sheetpath names="/" tstamps="/"/>
      <tstamp>5A5E2B19</tstamp>
    </comp>
    <comp ref="D1">
      <value>D</value>
      <footprint>Diodes_THT:D_DO-35_SOD27_P10.16mm_Horizontal</footprint>
      <libsource lib="device" part="D"/>
      <sheetpath names="/" tstamps="/"/>
      <tstamp>5A5E2B5B</tstamp>
    </comp>
    <comp ref="SW7">
      <value>SW_PUSH</value>
      <footprint>footprint:MXALPS_FLIP_HOLES</footprint>
      <libsource lib="lets_split-cache" part="SW_PUSH"/>
      <sheetpath names="/" tstamps="/"/>
      <tstamp>5A5E2D26</tstamp>
    </comp>
    <comp ref="D7">
      <value>D</value>
      <footprint>Diodes_THT:D_DO-35_SOD27_P10.16mm_Horizontal</footprint>
      <libsource lib="device" part="D"/>
      <sheetpath names="/" tstamps="/"/>
      <tstamp>5A5E2D2C</tstamp>
    </comp>
    <comp ref="SW12">
      <value>SW_PUSH</value>
      <footprint>footprint:MXALPS_FLIP_HOLES</footprint>
      <libsource lib="lets_split-cache" part="SW_PUSH"/>
      <sheetpath names="/" tstamps="/"/>
      <tstamp>5A5E2D32</tstamp>
    </comp>
    <comp ref="D12">
      <value>D</value>
      <footprint>Diodes_THT:D_DO-35_SOD27_P10.16mm_Horizontal</footprint>
      <libsource lib="device" part="D"/>
      <sheetpath names="/" tstamps="/"/>
      <tstamp>5A5E2D38</tstamp>
    </comp>
    <comp ref="SW17">
      <value>SW_PUSH</value>
      <footprint>footprint:MXALPS_FLIP_HOLES</footprint>
      <libsource lib="lets_split-cache" part="SW_PUSH"/>
      <sheetpath names="/" tstamps="/"/>
      <tstamp>5A5E2D3E</tstamp>
    </comp>
    <comp ref="SW22">
      <value>SW_PUSH</value>
      <footprint>footprint:MXALPS_FLIP_HOLES</footprint>
      <libsource lib="lets_split-cache" part="SW_PUSH"/>
      <sheetpath names="/" tstamps="/"/>
      <tstamp>5A5E2D44</tstamp>
    </comp>
    <comp ref="SW27">
      <value>SW_PUSH</value>
      <footprint>footprint:MXALPS_FLIP_HOLES</footprint>
      <libsource lib="lets_split-cache" part="SW_PUSH"/>
      <sheetpath names="/" tstamps="/"/>
      <tstamp>5A5E2D4A</tstamp>
    </comp>
    <comp ref="SW32">
      <value>SW_PUSH</value>
      <footprint>footprint:MXALPS_FLIP_HOLES</footprint>
      <libsource lib="lets_split-cache" part="SW_PUSH"/>
      <sheetpath names="/" tstamps="/"/>
      <tstamp>5A5E2D50</tstamp>
    </comp>
    <comp ref="D17">
      <value>D</value>
      <footprint>Diodes_THT:D_DO-35_SOD27_P10.16mm_Horizontal</footprint>
      <libsource lib="device" part="D"/>
      <sheetpath names="/" tstamps="/"/>
      <tstamp>5A5E2D56</tstamp>
    </comp>
    <comp ref="D22">
      <value>D</value>
      <footprint>Diodes_THT:D_DO-35_SOD27_P10.16mm_Horizontal</footprint>
      <libsource lib="device" part="D"/>
      <sheetpath names="/" tstamps="/"/>
      <tstamp>5A5E2D5C</tstamp>
    </comp>
    <comp ref="D27">
      <value>D</value>
      <footprint>Diodes_THT:D_DO-35_SOD27_P10.16mm_Horizontal</footprint>
      <libsource lib="device" part="D"/>
      <sheetpath names="/" tstamps="/"/>
      <tstamp>5A5E2D62</tstamp>
    </comp>
    <comp ref="D32">
      <value>D</value>
      <footprint>Diodes_THT:D_DO-35_SOD27_P10.16mm_Horizontal</footprint>
      <libsource lib="device" part="D"/>
      <sheetpath names="/" tstamps="/"/>
      <tstamp>5A5E2D68</tstamp>
    </comp>
    <comp ref="SW2">
      <value>SW_PUSH</value>
      <footprint>footprint:MXALPS_FLIP_HOLES</footprint>
      <libsource lib="lets_split-cache" part="SW_PUSH"/>
      <sheetpath names="/" tstamps="/"/>
      <tstamp>5A5E2D6E</tstamp>
    </comp>
    <comp ref="D2">
      <value>D</value>
      <footprint>Diodes_THT:D_DO-35_SOD27_P10.16mm_Horizontal</footprint>
      <libsource lib="device" part="D"/>
      <sheetpath names="/" tstamps="/"/>
      <tstamp>5A5E2D74</tstamp>
    </comp>
    <comp ref="SW8">
      <value>SW_PUSH</value>
      <footprint>footprint:MXALPS_FLIP_HOLES</footprint>
      <libsource lib="lets_split-cache" part="SW_PUSH"/>
      <sheetpath names="/" tstamps="/"/>
      <tstamp>5A5E35B1</tstamp>
    </comp>
    <comp ref="D8">
      <value>D</value>
      <footprint>Diodes_THT:D_DO-35_SOD27_P10.16mm_Horizontal</footprint>
      <libsource lib="device" part="D"/>
      <sheetpath names="/" tstamps="/"/>
      <tstamp>5A5E35B7</tstamp>
    </comp>
    <comp ref="SW13">
      <value>SW_PUSH</value>
      <footprint>footprint:MXALPS_FLIP_HOLES</footprint>
      <libsource lib="lets_split-cache" part="SW_PUSH"/>
      <sheetpath names="/" tstamps="/"/>
      <tstamp>5A5E35BD</tstamp>
    </comp>
    <comp ref="D13">
      <value>D</value>
      <footprint>Diodes_THT:D_DO-35_SOD27_P10.16mm_Horizontal</footprint>
      <libsource lib="device" part="D"/>
      <sheetpath names="/" tstamps="/"/>
      <tstamp>5A5E35C3</tstamp>
    </comp>
    <comp ref="SW18">
      <value>SW_PUSH</value>
      <footprint>footprint:MXALPS_FLIP_HOLES</footprint>
      <libsource lib="lets_split-cache" part="SW_PUSH"/>
      <sheetpath names="/" tstamps="/"/>
      <tstamp>5A5E35C9</tstamp>
    </comp>
    <comp ref="SW23">
      <value>SW_PUSH</value>
      <footprint>footprint:MXALPS_FLIP_HOLES</footprint>
      <libsource lib="lets_split-cache" part="SW_PUSH"/>
      <sheetpath names="/" tstamps="/"/>
      <tstamp>5A5E35CF</tstamp>
    </comp>
    <comp ref="SW28">
      <value>SW_PUSH</value>
      <footprint>footprint:MXALPS_FLIP_HOLES</footprint>
      <libsource lib="lets_split-cache" part="SW_PUSH"/>
      <sheetpath names="/" tstamps="/"/>
      <tstamp>5A5E35D5</tstamp>
    </comp>
    <comp ref="SW33">
      <value>SW_PUSH</value>
      <footprint>footprint:MXALPS_FLIP_HOLES</footprint>
      <libsource lib="lets_split-cache" part="SW_PUSH"/>
      <sheetpath names="/" tstamps="/"/>
      <tstamp>5A5E35DB</tstamp>
    </comp>
    <comp ref="D18">
      <value>D</value>
      <footprint>Diodes_THT:D_DO-35_SOD27_P10.16mm_Horizontal</footprint>
      <libsource lib="device" part="D"/>
      <sheetpath names="/" tstamps="/"/>
      <tstamp>5A5E35E1</tstamp>
    </comp>
    <comp ref="D23">
      <value>D</value>
      <footprint>Diodes_THT:D_DO-35_SOD27_P10.16mm_Horizontal</footprint>
      <libsource lib="device" part="D"/>
      <sheetpath names="/" tstamps="/"/>
      <tstamp>5A5E35E7</tstamp>
    </comp>
    <comp ref="D28">
      <value>D</value>
      <footprint>Diodes_THT:D_DO-35_SOD27_P10.16mm_Horizontal</footprint>
      <libsource lib="device" part="D"/>
      <sheetpath names="/" tstamps="/"/>
      <tstamp>5A5E35ED</tstamp>
    </comp>
    <comp ref="D33">
      <value>D</value>
      <footprint>Diodes_THT:D_DO-35_SOD27_P10.16mm_Horizontal</footprint>
      <libsource lib="device" part="D"/>
      <sheetpath names="/" tstamps="/"/>
      <tstamp>5A5E35F3</tstamp>
    </comp>
    <comp ref="SW3">
      <value>SW_PUSH</value>
      <footprint>footprint:MXALPS_FLIP_HOLES</footprint>
      <libsource lib="lets_split-cache" part="SW_PUSH"/>
      <sheetpath names="/" tstamps="/"/>
      <tstamp>5A5E35F9</tstamp>
    </comp>
    <comp ref="D3">
      <value>D</value>
      <footprint>Diodes_THT:D_DO-35_SOD27_P10.16mm_Horizontal</footprint>
      <libsource lib="device" part="D"/>
      <sheetpath names="/" tstamps="/"/>
      <tstamp>5A5E35FF</tstamp>
    </comp>
    <comp ref="SW9">
      <value>SW_PUSH</value>
      <footprint>footprint:MXALPS_FLIP_HOLES</footprint>
      <libsource lib="lets_split-cache" part="SW_PUSH"/>
      <sheetpath names="/" tstamps="/"/>
      <tstamp>5A5E37A4</tstamp>
    </comp>
    <comp ref="D9">
      <value>D</value>
      <footprint>Diodes_THT:D_DO-35_SOD27_P10.16mm_Horizontal</footprint>
      <libsource lib="device" part="D"/>
      <sheetpath names="/" tstamps="/"/>
      <tstamp>5A5E37AA</tstamp>
    </comp>
    <comp ref="SW14">
      <value>SW_PUSH</value>
      <footprint>footprint:MXALPS_FLIP_HOLES</footprint>
      <libsource lib="lets_split-cache" part="SW_PUSH"/>
      <sheetpath names="/" tstamps="/"/>
      <tstamp>5A5E37B0</tstamp>
    </comp>
    <comp ref="D14">
      <value>D</value>
      <footprint>Diodes_THT:D_DO-35_SOD27_P10.16mm_Horizontal</footprint>
      <libsource lib="device" part="D"/>
      <sheetpath names="/" tstamps="/"/>
      <tstamp>5A5E37B6</tstamp>
    </comp>
    <comp ref="SW19">
      <value>SW_PUSH</value>
      <footprint>footprint:MXALPS_FLIP_HOLES</footprint>
      <libsource lib="lets_split-cache" part="SW_PUSH"/>
      <sheetpath names="/" tstamps="/"/>
      <tstamp>5A5E37BC</tstamp>
    </comp>
    <comp ref="SW24">
      <value>SW_PUSH</value>
      <footprint>footprint:MXALPS_FLIP_HOLES</footprint>
      <libsource lib="lets_split-cache" part="SW_PUSH"/>
      <sheetpath names="/" tstamps="/"/>
      <tstamp>5A5E37C2</tstamp>
    </comp>
    <comp ref="SW29">
      <value>SW_PUSH</value>
      <footprint>footprint:MXALPS_FLIP_HOLES</footprint>
      <libsource lib="lets_split-cache" part="SW_PUSH"/>
      <sheetpath names="/" tstamps="/"/>
      <tstamp>5A5E37C8</tstamp>
    </comp>
    <comp ref="SW34">
      <value>SW_PUSH</value>
      <footprint>footprint:MXALPS_FLIP_HOLES</footprint>
      <libsource lib="lets_split-cache" part="SW_PUSH"/>
      <sheetpath names="/" tstamps="/"/>
      <tstamp>5A5E37CE</tstamp>
    </comp>
    <comp ref="D19">
      <value>D</value>
      <footprint>Diodes_THT:D_DO-35_SOD27_P10.16mm_Horizontal</footprint>
      <libsource lib="device" part="D"/>
      <sheetpath names="/" tstamps="/"/>
      <tstamp>5A5E37D4</tstamp>
    </comp>
    <comp ref="D24">
      <value>D</value>
      <footprint>Diodes_THT:D_DO-35_SOD27_P10.16mm_Horizontal</footprint>
      <libsource lib="device" part="D"/>
      <sheetpath names="/" tstamps="/"/>
      <tstamp>5A5E37DA</tstamp>
    </comp>
    <comp ref="D29">
      <value>D</value>
      <footprint>Diodes_THT:D_DO-35_SOD27_P10.16mm_Horizontal</footprint>
      <libsource lib="device" part="D"/>
      <sheetpath names="/" tstamps="/"/>
      <tstamp>5A5E37E0</tstamp>
    </comp>
    <comp ref="D34">
      <value>D</value>
      <footprint>Diodes_THT:D_DO-35_SOD27_P10.16mm_Horizontal</footprint>
      <libsource lib="device" part="D"/>
      <sheetpath names="/" tstamps="/"/>
      <tstamp>5A5E37E6</tstamp>
    </comp>
    <comp ref="SW4">
      <value>SW_PUSH</value>
      <footprint>footprint:MXALPS_FLIP_HOLES</footprint>
      <libsource lib="lets_split-cache" part="SW_PUSH"/>
      <sheetpath names="/" tstamps="/"/>
      <tstamp>5A5E37EC</tstamp>
    </comp>
    <comp ref="D4">
      <value>D</value>
      <footprint>Diodes_THT:D_DO-35_SOD27_P10.16mm_Horizontal</footprint>
      <libsource lib="device" part="D"/>
      <sheetpath names="/" tstamps="/"/>
      <tstamp>5A5E37F2</tstamp>
    </comp>
    <comp ref="SW10">
      <value>SW_PUSH</value>
      <footprint>footprint:MXALPS_FLIP_HOLES</footprint>
      <libsource lib="lets_split-cache" part="SW_PUSH"/>
      <sheetpath names="/" tstamps="/"/>
      <tstamp>5A5E3C85</tstamp>
    </comp>
    <comp ref="D10">
      <value>D</value>
      <footprint>Diodes_THT:D_DO-35_SOD27_P10.16mm_Horizontal</footprint>
      <libsource lib="device" part="D"/>
      <sheetpath names="/" tstamps="/"/>
      <tstamp>5A5E3C8B</tstamp>
    </comp>
    <comp ref="SW15">
      <value>SW_PUSH</value>
      <footprint>footprint:MXALPS_FLIP_HOLES</footprint>
      <libsource lib="lets_split-cache" part="SW_PUSH"/>
      <sheetpath names="/" tstamps="/"/>
      <tstamp>5A5E3C91</tstamp>
    </comp>
    <comp ref="D15">
      <value>D</value>
      <footprint>Diodes_THT:D_DO-35_SOD27_P10.16mm_Horizontal</footprint>
      <libsource lib="device" part="D"/>
      <sheetpath names="/" tstamps="/"/>
      <tstamp>5A5E3C97</tstamp>
    </comp>
    <comp ref="SW20">
      <value>SW_PUSH</value>
      <footprint>footprint:MXALPS_FLIP_HOLES</footprint>
      <libsource lib="lets_split-cache" part="SW_PUSH"/>
      <sheetpath names="/" tstamps="/"/>
      <tstamp>5A5E3C9D</tstamp>
    </comp>
    <comp ref="SW25">
      <value>SW_PUSH</value>
      <footprint>footprint:MXALPS_FLIP_HOLES</footprint>
      <libsource lib="lets_split-cache" part="SW_PUSH"/>
      <sheetpath names="/" tstamps="/"/>
      <tstamp>5A5E3CA3</tstamp>
    </comp>
    <comp ref="SW30">
      <value>SW_PUSH</value>
      <footprint>footprint:MXALPS_FLIP_HOLES</footprint>
      <libsource lib="lets_split-cache" part="SW_PUSH"/>
      <sheetpath names="/" tstamps="/"/>
      <tstamp>5A5E3CA9</tstamp>
    </comp>
    <comp ref="SW35">
      <value>SW_PUSH</value>
      <footprint>footprint:MXALPS_FLIP_HOLES</footprint>
      <libsource lib="lets_split-cache" part="SW_PUSH"/>
      <sheetpath names="/" tstamps="/"/>
      <tstamp>5A5E3CAF</tstamp>
    </comp>
    <comp ref="D20">
      <value>D</value>
      <footprint>Diodes_THT:D_DO-35_SOD27_P10.16mm_Horizontal</footprint>
      <libsource lib="device" part="D"/>
      <sheetpath names="/" tstamps="/"/>
      <tstamp>5A5E3CB5</tstamp>
    </comp>
    <comp ref="D25">
      <value>D</value>
      <footprint>Diodes_THT:D_DO-35_SOD27_P10.16mm_Horizontal</footprint>
      <libsource lib="device" part="D"/>
      <sheetpath names="/" tstamps="/"/>
      <tstamp>5A5E3CBB</tstamp>
    </comp>
    <comp ref="D30">
      <value>D</value>
      <footprint>Diodes_THT:D_DO-35_SOD27_P10.16mm_Horizontal</footprint>
      <libsource lib="device" part="D"/>
      <sheetpath names="/" tstamps="/"/>
      <tstamp>5A5E3CC1</tstamp>
    </comp>
    <comp ref="D35">
      <value>D</value>
      <footprint>Diodes_THT:D_DO-35_SOD27_P10.16mm_Horizontal</footprint>
      <libsource lib="device" part="D"/>
      <sheetpath names="/" tstamps="/"/>
      <tstamp>5A5E3CC7</tstamp>
    </comp>
    <comp ref="SW5">
      <value>SW_PUSH</value>
      <footprint>footprint:MXALPS_FLIP_HOLES</footprint>
      <libsource lib="lets_split-cache" part="SW_PUSH"/>
      <sheetpath names="/" tstamps="/"/>
      <tstamp>5A5E3CCD</tstamp>
    </comp>
    <comp ref="D5">
      <value>D</value>
      <footprint>Diodes_THT:D_DO-35_SOD27_P10.16mm_Horizontal</footprint>
      <libsource lib="device" part="D"/>
      <sheetpath names="/" tstamps="/"/>
      <tstamp>5A5E3CD3</tstamp>
    </comp>
    <comp ref="RSW1">
      <value>SW_PUSH</value>
      <footprint>footprint:SKHL</footprint>
      <libsource lib="lets_split-cache" part="SW_PUSH"/>
      <sheetpath names="/" tstamps="/"/>
      <tstamp>5A5EB9E2</tstamp>
    </comp>
    <comp ref="J1">
      <value>5PIN</value>
      <footprint>library:trrs_jack</footprint>
      <libsource lib="ergo42" part="5PIN"/>
      <sheetpath names="/" tstamps="/"/>
      <tstamp>5A5ECD17</tstamp>
    </comp>
    <comp ref="R2">
      <value>R</value>
      <footprint>footprint:RESISTOR</footprint>
      <libsource lib="device" part="R"/>
      <sheetpath names="/" tstamps="/"/>
      <tstamp>5A5EEC14</tstamp>
    </comp>
    <comp ref="R1">
      <value>R</value>
      <footprint>footprint:RESISTOR</footprint>
      <libsource lib="device" part="R"/>
      <sheetpath names="/" tstamps="/"/>
      <tstamp>5A5F1617</tstamp>
    </comp>
    <comp ref="JP1">
      <value>Jumper_NO_Small</value>
      <footprint>library:jumper_smd_2dub</footprint>
      <libsource lib="device" part="Jumper_NO_Small"/>
      <sheetpath names="/" tstamps="/"/>
      <tstamp>5A5F1A29</tstamp>
    </comp>
  </components>
  <libparts>
    <libpart lib="ergo42" part="5PIN">
      <fields>
        <field name="Reference">J</field>
        <field name="Value">5PIN</field>
      </fields>
      <pins>
        <pin num="1" name="1" type="power_in"/>
        <pin num="2" name="2" type="BiDi"/>
        <pin num="3" name="3" type="BiDi"/>
        <pin num="4" name="4" type="power_in"/>
        <pin num="5" name="5" type="power_in"/>
      </pins>
    </libpart>
    <libpart lib="device" part="D">
      <description>Diode</description>
      <footprints>
        <fp>TO-???*</fp>
        <fp>*SingleDiode</fp>
        <fp>*_Diode_*</fp>
        <fp>*SingleDiode*</fp>
        <fp>D_*</fp>
      </footprints>
      <fields>
        <field name="Reference">D</field>
        <field name="Value">D</field>
      </fields>
      <pins>
        <pin num="1" name="K" type="passive"/>
        <pin num="2" name="A" type="passive"/>
      </pins>
    </libpart>
    <libpart lib="device" part="Jumper_NO_Small">
      <description>Jumper, normally open</description>
      <fields>
        <field name="Reference">JP</field>
        <field name="Value">Jumper_NO_Small</field>
      </fields>
      <pins>
        <pin num="1" name="1" type="passive"/>
        <pin num="2" name="2" type="passive"/>
      </pins>
    </libpart>
    <libpart lib="promicro" part="ProMicro">
      <fields>
        <field name="Reference">U</field>
        <field name="Value">ProMicro</field>
      </fields>
      <pins>
        <pin num="1" name="TX" type="BiDi"/>
        <pin num="2" name="RX" type="BiDi"/>
        <pin num="3" name="GND" type="power_in"/>
        <pin num="4" name="GND" type="power_in"/>
        <pin num="5" name="SCL" type="BiDi"/>
        <pin num="6" name="SDA" type="BiDi"/>
        <pin num="7" name="D4" type="BiDi"/>
        <pin num="8" name="C6" type="BiDi"/>
        <pin num="9" name="D7" type="BiDi"/>
        <pin num="10" name="E6" type="BiDi"/>
        <pin num="11" name="B4" type="BiDi"/>
        <pin num="12" name="B5" type="BiDi"/>
        <pin num="13" name="B6" type="BiDi"/>
        <pin num="14" name="B2" type="BiDi"/>
        <pin num="15" name="B3" type="BiDi"/>
        <pin num="16" name="B1" type="BiDi"/>
        <pin num="17" name="F7" type="BiDi"/>
        <pin num="18" name="F6" type="BiDi"/>
        <pin num="19" name="F5" type="BiDi"/>
        <pin num="20" name="F4" type="BiDi"/>
        <pin num="21" name="VCC" type="power_in"/>
        <pin num="22" name="RST" type="input"/>
        <pin num="23" name="GND" type="power_in"/>
        <pin num="24" name="RAW" type="power_out"/>
      </pins>
    </libpart>
    <libpart lib="device" part="R">
      <description>Resistor</description>
      <footprints>
        <fp>R_*</fp>
        <fp>R_*</fp>
      </footprints>
      <fields>
        <field name="Reference">R</field>
        <field name="Value">R</field>
      </fields>
      <pins>
        <pin num="1" name="~" type="passive"/>
        <pin num="2" name="~" type="passive"/>
      </pins>
    </libpart>
    <libpart lib="lets_split-cache" part="SW_PUSH">
      <fields>
        <field name="Reference">SW</field>
        <field name="Value">SW_PUSH</field>
      </fields>
      <pins>
        <pin num="1" name="1" type="passive"/>
        <pin num="2" name="2" type="passive"/>
      </pins>
    </libpart>
  </libparts>
  <nets>
    <net code="1" name="VCC">
      <node ref="J1" pin="1"/>
      <node ref="R1" pin="1"/>
      <node ref="R2" pin="1"/>
      <node ref="U1" pin="21"/>
    </net>
    <net code="2" name="GND">
      <node ref="J1" pin="4"/>
      <node ref="J1" pin="5"/>
      <node ref="RSW1" pin="2"/>
      <node ref="U1" pin="3"/>
      <node ref="U1" pin="4"/>
      <node ref="U1" pin="23"/>
    </net>
    <net code="3" name="xtradata">
      <node ref="JP1" pin="2"/>
      <node ref="J1" pin="2"/>
    </net>
    <net code="4" name="scl">
      <node ref="U1" pin="5"/>
      <node ref="JP1" pin="1"/>
      <node ref="R1" pin="2"/>
    </net>
    <net code="5" name="sda">
      <node ref="U1" pin="6"/>
      <node ref="J1" pin="3"/>
      <node ref="R2" pin="2"/>
    </net>
    <net code="6" name="Net-(U1-Pad7)">
      <node ref="U1" pin="7"/>
    </net>
    <net code="7" name="Net-(U1-Pad2)">
      <node ref="U1" pin="2"/>
    </net>
    <net code="8" name="Net-(U1-Pad1)">
      <node ref="U1" pin="1"/>
    </net>
    <net code="9" name="Net-(U1-Pad20)">
      <node ref="U1" pin="20"/>
    </net>
    <net code="10" name="Net-(U1-Pad24)">
      <node ref="U1" pin="24"/>
    </net>
    <net code="11" name="Net-(RSW1-Pad1)">
      <node ref="RSW1" pin="1"/>
      <node ref="U1" pin="22"/>
    </net>
    <net code="12" name="Net-(D12-Pad2)">
      <node ref="D12" pin="2"/>
      <node ref="SW12" pin="2"/>
    </net>
    <net code="13" name="Net-(D7-Pad2)">
      <node ref="D7" pin="2"/>
      <node ref="SW7" pin="2"/>
    </net>
    <net code="14" name="Net-(D1-Pad2)">
      <node ref="SW1" pin="2"/>
      <node ref="D1" pin="2"/>
    </net>
    <net code="15" name="Net-(D31-Pad2)">
      <node ref="D31" pin="2"/>
      <node ref="SW31" pin="2"/>
    </net>
    <net code="16" name="Net-(D26-Pad2)">
      <node ref="SW26" pin="2"/>
      <node ref="D26" pin="2"/>
    </net>
    <net code="17" name="Net-(D21-Pad2)">
      <node ref="SW21" pin="2"/>
      <node ref="D21" pin="2"/>
    </net>
    <net code="18" name="Net-(D16-Pad2)">
      <node ref="SW16" pin="2"/>
      <node ref="D16" pin="2"/>
    </net>
    <net code="19" name="Net-(D8-Pad2)">
      <node ref="D8" pin="2"/>
      <node ref="SW8" pin="2"/>
    </net>
    <net code="20" name="Net-(D2-Pad2)">
      <node ref="SW2" pin="2"/>
      <node ref="D2" pin="2"/>
    </net>
    <net code="21" name="Net-(D32-Pad2)">
      <node ref="D32" pin="2"/>
      <node ref="SW32" pin="2"/>
    </net>
    <net code="22" name="Net-(D27-Pad2)">
      <node ref="D27" pin="2"/>
      <node ref="SW27" pin="2"/>
    </net>
    <net code="23" name="Net-(D22-Pad2)">
      <node ref="D22" pin="2"/>
      <node ref="SW22" pin="2"/>
    </net>
    <net code="24" name="Net-(D17-Pad2)">
      <node ref="SW17" pin="2"/>
      <node ref="D17" pin="2"/>
    </net>
    <net code="25" name="row1">
      <node ref="D12" pin="1"/>
      <node ref="D7" pin="1"/>
      <node ref="U1" pin="9"/>
      <node ref="D17" pin="1"/>
      <node ref="D22" pin="1"/>
      <node ref="D27" pin="1"/>
      <node ref="D32" pin="1"/>
      <node ref="D2" pin="1"/>
    </net>
    <net code="26" name="Net-(D11-Pad2)">
      <node ref="D11" pin="2"/>
      <node ref="SW11" pin="2"/>
    </net>
    <net code="27" name="Net-(D6-Pad2)">
      <node ref="D6" pin="2"/>
      <node ref="SW6" pin="2"/>
    </net>
    <net code="28" name="row0">
      <node ref="D21" pin="1"/>
      <node ref="D26" pin="1"/>
      <node ref="U1" pin="8"/>
      <node ref="D31" pin="1"/>
      <node ref="D16" pin="1"/>
      <node ref="D11" pin="1"/>
      <node ref="D6" pin="1"/>
      <node ref="D1" pin="1"/>
    </net>
    <net code="29" name="Net-(D15-Pad2)">
      <node ref="D15" pin="2"/>
      <node ref="SW15" pin="2"/>
    </net>
    <net code="30" name="Net-(D10-Pad2)">
      <node ref="SW10" pin="2"/>
      <node ref="D10" pin="2"/>
    </net>
    <net code="31" name="Net-(D4-Pad2)">
      <node ref="SW4" pin="2"/>
      <node ref="D4" pin="2"/>
    </net>
    <net code="32" name="Net-(D34-Pad2)">
      <node ref="D34" pin="2"/>
      <node ref="SW34" pin="2"/>
    </net>
    <net code="33" name="Net-(D29-Pad2)">
      <node ref="D29" pin="2"/>
      <node ref="SW29" pin="2"/>
    </net>
    <net code="34" name="Net-(D24-Pad2)">
      <node ref="D24" pin="2"/>
      <node ref="SW24" pin="2"/>
    </net>
    <net code="35" name="Net-(D19-Pad2)">
      <node ref="D19" pin="2"/>
      <node ref="SW19" pin="2"/>
    </net>
    <net code="36" name="Net-(D5-Pad2)">
      <node ref="SW5" pin="2"/>
      <node ref="D5" pin="2"/>
    </net>
    <net code="37" name="Net-(D35-Pad2)">
      <node ref="SW35" pin="2"/>
      <node ref="D35" pin="2"/>
    </net>
    <net code="38" name="Net-(D30-Pad2)">
      <node ref="D30" pin="2"/>
      <node ref="SW30" pin="2"/>
    </net>
    <net code="39" name="Net-(D25-Pad2)">
      <node ref="SW25" pin="2"/>
      <node ref="D25" pin="2"/>
    </net>
    <net code="40" name="Net-(D20-Pad2)">
      <node ref="D20" pin="2"/>
      <node ref="SW20" pin="2"/>
    </net>
    <net code="41" name="row4">
      <node ref="D15" pin="1"/>
      <node ref="U1" pin="12"/>
      <node ref="D10" pin="1"/>
      <node ref="D5" pin="1"/>
      <node ref="D35" pin="1"/>
      <node ref="D30" pin="1"/>
      <node ref="D20" pin="1"/>
      <node ref="D25" pin="1"/>
    </net>
    <net code="42" name="Net-(D28-Pad2)">
      <node ref="D28" pin="2"/>
      <node ref="SW28" pin="2"/>
    </net>
    <net code="43" name="Net-(D23-Pad2)">
      <node ref="D23" pin="2"/>
      <node ref="SW23" pin="2"/>
    </net>
    <net code="44" name="Net-(D18-Pad2)">
      <node ref="SW18" pin="2"/>
      <node ref="D18" pin="2"/>
    </net>
    <net code="45" name="Net-(D33-Pad2)">
      <node ref="D33" pin="2"/>
      <node ref="SW33" pin="2"/>
    </net>
    <net code="46" name="Net-(D13-Pad2)">
      <node ref="SW13" pin="2"/>
      <node ref="D13" pin="2"/>
    </net>
    <net code="47" name="col6">
      <node ref="SW31" pin="1"/>
      <node ref="SW32" pin="1"/>
      <node ref="SW33" pin="1"/>
      <node ref="SW35" pin="1"/>
      <node ref="SW34" pin="1"/>
      <node ref="U1" pin="13"/>
    </net>
    <net code="48" name="col5">
      <node ref="SW26" pin="1"/>
      <node ref="SW29" pin="1"/>
      <node ref="SW30" pin="1"/>
      <node ref="U1" pin="14"/>
      <node ref="SW28" pin="1"/>
      <node ref="SW27" pin="1"/>
    </net>
    <net code="49" name="col4">
      <node ref="SW25" pin="1"/>
      <node ref="SW21" pin="1"/>
      <node ref="SW23" pin="1"/>
      <node ref="SW22" pin="1"/>
      <node ref="U1" pin="15"/>
      <node ref="SW24" pin="1"/>
    </net>
    <net code="50" name="col3">
      <node ref="SW18" pin="1"/>
      <node ref="SW20" pin="1"/>
      <node ref="U1" pin="16"/>
      <node ref="SW19" pin="1"/>
      <node ref="SW17" pin="1"/>
      <node ref="SW16" pin="1"/>
    </net>
    <net code="51" name="Net-(D14-Pad2)">
      <node ref="D14" pin="2"/>
      <node ref="SW14" pin="2"/>
    </net>
    <net code="52" name="col2">
      <node ref="SW13" pin="1"/>
      <node ref="SW12" pin="1"/>
      <node ref="SW14" pin="1"/>
      <node ref="SW15" pin="1"/>
      <node ref="SW11" pin="1"/>
      <node ref="U1" pin="17"/>
    </net>
    <net code="53" name="Net-(D9-Pad2)">
      <node ref="D9" pin="2"/>
      <node ref="SW9" pin="2"/>
    </net>
    <net code="54" name="row3">
      <node ref="D19" pin="1"/>
      <node ref="D24" pin="1"/>
      <node ref="D29" pin="1"/>
      <node ref="D34" pin="1"/>
      <node ref="D4" pin="1"/>
      <node ref="D14" pin="1"/>
      <node ref="U1" pin="11"/>
      <node ref="D9" pin="1"/>
    </net>
    <net code="55" name="col1">
      <node ref="SW9" pin="1"/>
      <node ref="SW8" pin="1"/>
      <node ref="SW10" pin="1"/>
      <node ref="SW7" pin="1"/>
      <node ref="U1" pin="18"/>
      <node ref="SW6" pin="1"/>
    </net>
    <net code="56" name="Net-(D3-Pad2)">
      <node ref="SW3" pin="2"/>
      <node ref="D3" pin="2"/>
    </net>
    <net code="57" name="row2">
      <node ref="U1" pin="10"/>
      <node ref="D8" pin="1"/>
      <node ref="D13" pin="1"/>
      <node ref="D33" pin="1"/>
      <node ref="D3" pin="1"/>
      <node ref="D18" pin="1"/>
      <node ref="D23" pin="1"/>
      <node ref="D28" pin="1"/>
    </net>
    <net code="58" name="col0">
      <node ref="U1" pin="19"/>
      <node ref="SW3" pin="1"/>
      <node ref="SW2" pin="1"/>
      <node ref="SW1" pin="1"/>
      <node ref="SW4" pin="1"/>
      <node ref="SW5" pin="1"/>
    </net>
  </nets>
</export>
